<?xml version="1.0" encoding="UTF-8"?>

<beans xmlns:context="http://www.springframework.org/schema/context" 
xmlns:mvc="http://www.springframework.org/schema/mvc" 
xmlns:p="http://www.springframework.org/schema/p" 
xmlns:xsi="http://www.w3.org/2001/XMLSchema-instance" 
xmlns="http://www.springframework.org/schema/beans" 
xsi:schemalocation=" http://www.springframework.org/schema/beans http://www.springframework.org/schema/beans/spring-beans-3.0.xsd http://www.springframework.org/schema/context
 http://www.springframework.org/schema/context/spring-context-3.0.xsd http://www.springframework.org/schema/mvc http://www.springframework.org/schema/mvc/spring-mvc-3.0.xsd">

<!-- Enable annotation driven controllers, validation etc... -->
<mvc:annotation-driven></mvc:annotation-driven>

<context:component-scan base-package="com.spring.mvc">
</context:component-scan>

<bean class="org.springframework.web.servlet.view.InternalResourceViewResolver" id="viewResolver">
 <property name="prefix" value="/WEB-INF/views/employeeForm"></property>
 <property name="suffix" value=".jsp"></property>
</bean>

</beans>